relation,id
/award/award_nominee/award_nominations./award/award_nomination/award_nominee,0
/film/film/release_date_s./film/film_regional_release_date/film_release_region,1
/award/award_category/nominees./award/award_nomination/award_nominee,2
/award/award_nominee/award_nominations./award/award_nomination/award,3
/people/person/profession,4
/people/profession/people_with_this_profession,5
/film/film/starring./film/performance/actor,6
/film/actor/film./film/performance/film,7
/award/award_nominated_work/award_nominations./award/award_nomination/award,8
/award/award_category/nominees./award/award_nomination/nominated_for,9
/award/award_winner/awards_won./award/award_honor/award_winner,10
/film/film_genre/films_in_this_genre,11
/film/film/genre,12
/award/award_nominated_work/award_nominations./award/award_nomination/award_nominee,13
/award/award_nominee/award_nominations./award/award_nomination/nominated_for,14
/film/film_job/films_with_this_crew_job./film/film_crew_gig/film,15
/film/film/other_crew./film/film_crew_gig/film_crew_role,16
/common/topic/webpage./common/webpage/category,17
/common/annotation_category/annotations./common/webpage/topic,18
/music/artist/genre,19
/music/genre/artists,20
/award/award_category/winners./award/award_honor/award_winner,21
/award/award_winner/awards_won./award/award_honor/award,22
/location/location/containedby,23
/location/location/contains,24
/people/person/nationality,25
/music/performance_role/track_performances./music/track_contribution/role,26
/people/person/places_lived./people/place_lived/location,27
/people/person/gender,28
/sports/sports_team/roster./sports/sports_team_roster/position,29
/sports/sports_position/players./sports/sports_team_roster/team,30
/award/award_winning_work/awards_won./award/award_honor/award,31
/award/award_category/winners./award/award_honor/honored_for,32
/award/award_winning_work/awards_won./award/award_honor/award_winner,33
/award/award_winner/awards_won./award/award_honor/honored_for,34
/people/marriage_union_type/unions_of_this_type./people/marriage/spouse,35
/people/person/spouse_s./people/marriage/type_of_union,36
/award/award_category/winners./award/award_honor/ceremony,37
/award/award_ceremony/awards_presented./award/award_honor/award,38
/award/award_ceremony/awards_presented./award/award_honor/award_winner,39
/award/award_winner/awards_won./award/award_honor/ceremony,40
/music/performance_role/regular_performances./music/group_membership/role,41
/education/educational_institution/students_graduates./education/education/student,42
/people/person/education./education/education/institution,43
/education/field_of_study/students_majoring./education/education/institution,44
/education/educational_institution/students_graduates./education/education/major_field_of_study,45
/media_common/netflix_genre/titles,46
/media_common/netflix_title/netflix_genres,47
/film/film/language,48
/people/person/place_of_birth,49
/location/location/people_born_here,50
/film/film/country,51
/film/film_distributor/films_distributed./film/film_film_distributor_relationship/film,52
/film/film/distributors./film/film_film_distributor_relationship/distributor,53
/soccer/football_team/current_roster./soccer/football_roster_position/position,54
/education/educational_institution/students_graduates./education/education/degree,55
/education/educational_degree/people_with_this_degree./education/education/institution,56
/soccer/football_team/current_roster./sports/sports_team_roster/position,57
/sports/sports_position/players./soccer/football_roster_position/team,58
/sports/sports_team/roster./soccer/football_roster_position/position,59
/music/record_label/artist,60
/music/artist/label,61
/olympics/olympic_sport/athletes./olympics/olympic_athlete_affiliation/country,62
/olympics/olympic_participating_country/athletes./olympics/olympic_athlete_affiliation/sport,63
/location/location/adjoin_s./location/adjoining_relationship/adjoins,64
/people/person/ethnicity,65
/people/ethnicity/people,66
/music/group_member/instruments_played,67
/music/instrument/instrumentalists,68
/influence/influence_node/influenced_by,69
/influence/influence_node/influenced,70
/music/artist/track_contributions./music/track_contribution/role,71
/music/performance_role/track_performances./music/track_contribution/contributor,72
/film/production_company/films,73
/film/film/production_companies,74
/base/popstra/celebrity/friendship./base/popstra/friendship/participant,75
/film/film/release_date_s./film/film_regional_release_date/film_release_distribution_medium,76
/base/popstra/celebrity/dated./base/popstra/dated/participant,77
/music/musical_group/member./music/group_membership/role,78
/music/performance_role/regular_performances./music/group_membership/group,79
/film/film/produced_by,80
/film/producer/film,81
/tv/tv_program/regular_cast./tv/regular_tv_appearance/actor,82
/tv/tv_actor/starring_roles./tv/regular_tv_appearance/series,83
/film/film/estimated_budget./measurement_unit/dated_money_value/currency,84
/time/time_zone/locations_in_this_time_zone,85
/location/location/time_zones,86
/olympics/olympic_participating_country/medals_won./olympics/olympic_medal_honor/olympics,87
/olympics/olympic_games/medals_awarded./olympics/olympic_medal_honor/country,88
/people/person/religion,89
/government/political_district/representatives./government/government_position_held/legislative_sessions,90
/government/legislative_session/members./government/government_position_held/district_represented,91
/film/music_contributor/film,92
/film/film/music,93
/tv/tv_genre/programs,94
/tv/tv_program/genre,95
/film/film_location/featured_in_films,96
/film/film/featured_film_locations,97
/food/food/nutrients./food/nutrition_fact/nutrient,98
/award/award_ceremony/awards_presented./award/award_honor/honored_for,99
/award/award_winning_work/awards_won./award/award_honor/ceremony,100
/film/film/directed_by,101
/film/director/film,102
/organization/organization/headquarters./location/mailing_address/citytown,103
/education/educational_institution/colors,104
/organization/membership_organization/members./organization/organization_membership/member,105
/organization/organization_member/member_of./organization/organization_membership/organization,106
/film/writer/film,107
/film/film/written_by,108
/government/legislative_session/members./government/government_position_held/legislative_sessions,109
/people/person/languages,110
/location/hud_foreclosure_area/hhuniv./measurement_unit/dated_integer/source,111
/location/hud_foreclosure_area/estimated_number_foreclosures./measurement_unit/dated_integer/source,112
/location/hud_foreclosure_area/estimated_number_of_mortgages./measurement_unit/dated_integer/source,113
/location/hud_foreclosure_area/total_residential_addresses./measurement_unit/dated_integer/source,114
/location/hud_foreclosure_area/total_90_day_vacant_residential_addresses./measurement_unit/dated_integer/source,115
/government/government_office_category/officeholders./government/government_position_held/jurisdiction_of_office,116
/government/governmental_jurisdiction/governing_officials./government/government_position_held/basic_title,117
/people/cause_of_death/people,118
/people/deceased_person/cause_of_death,119
/organization/organization/leadership./organization/leadership/role,120
/organization/role/leaders./organization/leadership/organization,121
/olympics/olympic_participating_country/athletes./olympics/olympic_athlete_affiliation/olympics,122
/olympics/olympic_games/athletes./olympics/olympic_athlete_affiliation/country,123
/military/military_combatant/military_conflicts./military/military_combatant_group/combatants,124
/music/performance_role/regular_performances./music/group_membership/member,125
/music/group_member/membership./music/group_membership/role,126
/education/school_category/schools_of_this_kind,127
/award/award_nominated_work/award_nominations./award/award_nomination/nominated_for,128
/education/educational_institution/school_type,129
/business/job_title/people_with_this_title./business/employment_tenure/company,130
/business/employer/employees./business/employment_tenure/title,131
/organization/organization/headquarters./location/mailing_address/state_province_region,132
/music/genre/parent_genre,133
/music/genre/subgenre,134
/people/deceased_person/place_of_death,135
/film/producer/films_executive_produced,136
/film/film/executive_produced_by,137
/sports/professional_sports_team/draft_picks./sports/sports_league_draft_pick/school,138
/sports/sports_team/colors,139
/olympics/olympic_sport/olympic_games_contested,140
/olympics/olympic_games/sports,141
/sports/pro_athlete/teams./sports/sports_team_roster/team,142
/sports/sports_team/roster./sports/sports_team_roster/player,143
/sports/sports_position/players./american_football/football_historical_roster_position/team,144
/sports/sports_team/roster./american_football/football_historical_roster_position/position_s,145
/american_football/football_team/historical_roster./sports/sports_team_roster/position,146
/american_football/football_team/historical_roster./american_football/football_historical_roster_position/position_s,147
/base/biblioness/bibs_location/country,148
/sports/sports_team/roster./american_football/football_roster_position/position,149
/film/film_subject/films,150
/film/film/subjects,151
/american_football/football_team/current_roster./american_football/football_roster_position/position,152
/location/statistical_region/religions./location/religion_percentage/religion,153
/user/jg/default_domain/olympic_games/sports,154
/base/aareas/schema/administrative_area/administrative_parent,155
/base/aareas/schema/administrative_area/administrative_children,156
/sports/sports_position/players./american_football/football_roster_position/team,157
/american_football/football_team/current_roster./sports/sports_team_roster/position,158
/education/educational_institution_campus/educational_institution,159
/education/educational_institution/campuses,160
/music/artist/origin,161
/soccer/football_team/current_roster./sports/sports_team_roster/player,162
/sports/pro_athlete/teams./soccer/football_roster_position/team,163
/soccer/football_player/current_team./soccer/football_roster_position/team,164
/soccer/football_team/current_roster./soccer/football_roster_position/player,165
/soccer/football_player/current_team./sports/sports_team_roster/team,166
/sports/sports_team/roster./soccer/football_roster_position/player,167
/travel/travel_destination/climate./travel/travel_destination_monthly_climate/month,168
/education/educational_degree/people_with_this_degree./education/education/major_field_of_study,169
/education/field_of_study/students_majoring./education/education/degree,170
/music/performance_role/guest_performances./music/recording_contribution/performance_role,171
/olympics/olympic_games/participating_countries,172
/olympics/olympic_participating_country/olympics_participated_in,173
/award/award_winning_work/awards_won./award/award_honor/honored_for,174
/base/schemastaging/person_extra/net_worth./measurement_unit/dated_money_value/currency,175
/location/administrative_division/second_level_division_of,176
/location/country/second_level_divisions,177
/education/university/domestic_tuition./measurement_unit/dated_money_value/currency,178
/location/hud_county_place/place,179
/sports/professional_sports_team/draft_picks./sports/sports_league_draft_pick/draft,180
/sports/sports_league_draft/picks./sports/sports_league_draft_pick/team,181
/base/popstra/celebrity/canoodled./base/popstra/canoodled/participant,182
/organization/endowed_organization/endowment./measurement_unit/dated_money_value/currency,183
/people/marriage_union_type/unions_of_this_type./people/marriage/location_of_ceremony,184
/people/person/spouse_s./people/marriage/spouse,185
/sports/sports_team/sport,186
/sports/sport/teams,187
/military/military_combatant/military_conflicts./military/military_combatant_group/conflict,188
/military/military_conflict/combatants./military/military_combatant_group/combatants,189
/tv/tv_program/tv_producer./tv/tv_producer_term/producer,190
/tv/tv_producer/programs_produced./tv/tv_producer_term/program,191
/user/tsegaran/random/taxonomy_subject/entry./user/tsegaran/random/taxonomy_entry/taxonomy,192
/user/tsegaran/random/subject_taxonomy/entry./user/tsegaran/random/taxonomy_entry/subject,193
/film/film_story_contributor/film_story_credits,194
/film/film/story_by,195
/location/country/administrative_divisions,196
/location/administrative_division/country,197
/film/film/other_crew./film/film_crew_gig/crewmember,198
/film/film_crewmember/films_crewed./film/film_crew_gig/film,199
/film/special_film_performance_type/film_performance_type./film/performance/actor,200
/film/actor/film./film/performance/special_performance_type,201
/location/statistical_region/rent50_2./measurement_unit/dated_money_value/currency,202
/location/statistical_region/rent50_4./measurement_unit/dated_money_value/currency,203
/location/statistical_region/rent50_1./measurement_unit/dated_money_value/currency,204
/location/statistical_region/rent50_3./measurement_unit/dated_money_value/currency,205
/location/statistical_region/rent50_0./measurement_unit/dated_money_value/currency,206
/education/university/local_tuition./measurement_unit/dated_money_value/currency,207
/olympics/olympic_games/athletes./olympics/olympic_athlete_affiliation/sport,208
/olympics/olympic_sport/athletes./olympics/olympic_athlete_affiliation/olympics,209
/base/popstra/location/vacationers./base/popstra/vacation_choice/vacationer,210
/base/popstra/celebrity/vacations_in./base/popstra/vacation_choice/location,211
/location/location/events,212
/time/event/locations,213
/award/ranked_list/ranked_list_items./award/ranking/item,214
/base/marchmadness/ncaa_basketball_team/ncaa_tournament_seeds./base/marchmadness/ncaa_tournament_seed/tournament,215
/award/ranked_item/appears_in_ranked_lists./award/ranking/list,216
/base/marchmadness/ncaa_basketball_tournament/seeds./base/marchmadness/ncaa_tournament_seed/team,217
/base/schemastaging/organization_extra/phone_number./base/schemastaging/phone_sandbox/service_location,218
/education/field_of_study/students_majoring./education/education/major_field_of_study,219
/film/film_format/film_format,220
/film/film/film_format,221
/sports/sports_team/location,222
/sports/sports_team_location/teams,223
/language/human_language/countries_spoken_in,224
/location/country/languages_spoken,225
/business/business_operation/industry,226
/business/industry/companies,227
/film/film/cinematography,228
/film/cinematographer/film,229
/business/employer/employees./business/employment_tenure/person,230
/people/person/employment_history./business/employment_tenure/company,231
/location/administrative_division/capital./location/administrative_division_capital_relationship/capital,232
/location/capital_of_administrative_division/capital_of./location/administrative_division_capital_relationship/administrative_division,233
/tv/tv_network/programs./tv/tv_network_duration/program,234
/tv/tv_program/original_network./tv/tv_network_duration/network,235
/base/biblioness/bibs_location/state,236
/location/us_county/hud_county_place,237
/location/hud_county_place/county,238
/location/country/form_of_government,239
/government/form_of_government/countries,240
/film/film/distributors./film/film_film_distributor_relationship/film_distribution_medium,241
/film/film_distribution_medium/films_distributed_in_this_medium./film/film_film_distributor_relationship/film,242
/sports/sports_league_draft/picks./sports/sports_league_draft_pick/school,243
/base/culturalevent/event/entity_involved,244
/tv/tv_program/recurring_writers./tv/tv_program_writer_relationship/writer,245
/tv/tv_writer/tv_programs./tv/tv_program_writer_relationship/tv_program,246
/tv/tv_program/country_of_origin,247
/education/field_of_study/students_majoring./education/education/student,248
/people/person/education./education/education/major_field_of_study,249
/education/educational_degree/people_with_this_degree./education/education/student,250
/people/person/education./education/education/degree,251
/olympics/olympic_participating_country/medals_won./olympics/olympic_medal_honor/medal,252
/olympics/olympic_medal/medal_winners./olympics/olympic_medal_honor/country,253
/tv/tv_program/languages,254
/people/person/spouse_s./people/marriage/location_of_ceremony,255
/film/film_festival_event/films,256
/film/film/film_festivals,257
/base/x2010fifaworldcupsouthafrica/world_cup_squad/current_world_cup_squad./base/x2010fifaworldcupsouthafrica/current_world_cup_squad/current_club,258
/celebrities/celebrity/celebrity_friends./celebrities/friendship/friend,259
/celebrities/celebrity/sexual_relationships./celebrities/romantic_relationship/celebrity,260
/baseball/baseball_team/team_stats./baseball/baseball_team_stats/season,261
/film/film/release_date_s./film/film_regional_release_date/film_regional_debut_venue,262
/film/personal_film_appearance_type/film_appearances./film/personal_film_appearance/person,263
/film/person_or_entity_appearing_in_film/films./film/personal_film_appearance/type_of_appearance,264
/location/statistical_region/gdp_nominal./measurement_unit/dated_money_value/currency,265
/location/country/official_language,266
/tv/tv_producer/programs_produced./tv/tv_producer_term/producer_type,267
/tv/tv_producer_type/tv_producers_of_this_type./tv/tv_producer_term/producer,268
/business/business_operation/revenue./measurement_unit/dated_money_value/currency,269
/music/artist/contribution./music/recording_contribution/performance_role,270
/music/performance_role/guest_performances./music/recording_contribution/contributor,271
/government/politician/government_positions_held./government/government_position_held/legislative_sessions,272
/government/legislative_session/members./government/government_position_held/office_holder,273
/music/group_member/membership./music/group_membership/group,274
/music/musical_group/member./music/group_membership/member,275
/film/film/personal_appearances./film/personal_film_appearance/person,276
/film/person_or_entity_appearing_in_film/films./film/personal_film_appearance/film,277
/business/business_operation/operating_income./measurement_unit/dated_money_value/currency,278
/award/award_category/disciplines_or_subjects,279
/award/award_discipline/awards_in_this_discipline,280
/people/ethnicity/languages_spoken,281
/base/schemastaging/organization_extra/phone_number./base/schemastaging/phone_sandbox/service_language,282
/location/statistical_region/gdp_nominal_per_capita./measurement_unit/dated_money_value/currency,283
/base/petbreeds/dog_breed/cities_where_this_dog_is_popular./base/petbreeds/dog_city_relationship/cities,284
/base/petbreeds/city_with_dogs/top_breeds./base/petbreeds/dog_city_relationship/dog_breed,285
/film/film_costumer_designer/costume_design_for_film,286
/film/film/costume_design_by,287
/organization/organization/parent./organization/organization_relationship/parent,288
/organization/organization/child./organization/organization_relationship/child,289
/location/us_county/county_seat,290
/user/ktrueman/default_domain/international_organization/member_states,291
/film/editor/film,292
/film/film/edited_by,293
/business/business_operation/assets./measurement_unit/dated_money_value/currency,294
/sports/sports_position/players./baseball/baseball_roster_position/team,295
/film/film/runtime./film/film_cut/film_release_region,296
/baseball/baseball_team/current_roster./sports/sports_team_roster/position,297
/sports/sports_team/roster./baseball/baseball_roster_position/position,298
/film/film/sequel,299
/baseball/baseball_team/current_roster./baseball/baseball_roster_position/position,300
/film/film/prequel,301
/organization/organization/headquarters./location/mailing_address/country,302
/sports/sports_team/roster./basketball/basketball_roster_position/position,303
/basketball/basketball_position/player_roster_position./basketball/basketball_roster_position/team,304
/basketball/basketball_team/roster./basketball/basketball_roster_position/position,305
/basketball/basketball_position/player_roster_position./sports/sports_team_roster/team,306
/location/statistical_region/places_exported_to./location/imports_and_exports/exported_to,307
/location/statistical_region/places_imported_from./location/imports_and_exports/imported_from,308
/sports/sports_position/players./basketball/basketball_roster_position/team,309
/basketball/basketball_team/roster./sports/sports_team_roster/position,310
/influence/influence_node/peers./influence/peer_relationship/peers,311
/medicine/risk_factor/diseases,312
/medicine/symptom/symptom_of,313
/medicine/disease/risk_factors,314
/medicine/disease/symptoms,315
/location/statistical_region/gdp_real./measurement_unit/adjusted_money_value/adjustment_currency,316
/film/film/film_production_design_by,317
/film/film_production_designer/films_production_designed,318
/base/popstra/celebrity/breakup./base/popstra/breakup/participant,319
/sports/sports_team/league./sports/sports_league_participation/league,320
/award/hall_of_fame/inductees./award/hall_of_fame_induction/inductee,321
/sports/sports_league/teams./sports/sports_league_participation/team,322
/film/film/distributors./film/film_film_distributor_relationship/region,323
/base/aareas/schema/administrative_area/administrative_area_type,324
/award/hall_of_fame_inductee/hall_of_fame_inductions./award/hall_of_fame_induction/hall_of_fame,325
/location/statistical_region/gni_in_ppp_dollars./measurement_unit/dated_money_value/currency,326
/travel/travel_destination/how_to_get_here./travel/transportation/mode_of_transportation,327
/location/statistical_region/gni_per_capita_in_ppp_dollars./measurement_unit/dated_money_value/currency,328
/award/award_category/category_of,329
/award/award/category,330
/base/schemastaging/organization_extra/phone_number./base/schemastaging/phone_sandbox/contact_category,331
/tv/tv_program_creator/programs_created,332
/tv/tv_program/program_creator,333
/location/country/capital,334
/location/country/first_level_divisions,335
/people/deceased_person/place_of_burial,336
/location/administrative_division/first_level_division_of,337
/people/place_of_interment/interred_here,338
/organization/organization/founders,339
/organization/organization_founder/organizations_founded,340
/people/person/sibling_s./people/sibling_relationship/sibling,341
/base/aareas/schema/administrative_area/capital,342
/base/locations/continents/countries_within,343
/base/eating/practicer_of_diet/diet,344
/base/locations/countries/continent,345
/base/eating/diets/people_who_follow_this_diet,346
/sports/sport/pro_athletes./sports/pro_sports_played/athlete,347
/sports/pro_athlete/sports_played_professionally./sports/pro_sports_played/sport,348
/education/fraternity_sorority/colleges_and_universities,349
/organization/non_profit_organization/registered_with./organization/non_profit_registration/registering_agency,350
/education/university/fraternities_and_sororities,351
/sports/sports_team/roster./ice_hockey/hockey_roster_position/position,352
/location/location/partially_contains,353
/location/location/partially_containedby,354
/ice_hockey/hockey_team/current_roster./ice_hockey/hockey_roster_position/position,355
/sports/sports_position/players./ice_hockey/hockey_roster_position/team,356
/ice_hockey/hockey_team/current_roster./sports/sports_team_roster/position,357
/people/ethnicity/geographic_distribution,358
/film/special_film_performance_type/film_performance_type./film/performance/film,359
/film/film/starring./film/performance/special_performance_type,360
/sports/sports_position/players./sports/sports_team_roster/position,361
/base/americancomedy/impersonated_celebrity/impersonated_by,362
/base/americancomedy/celebrity_impressionist/celebrities_impersonated,363
/tv/tv_program/tv_producer./tv/tv_producer_term/producer_type,364
/tv/tv_producer_type/tv_producers_of_this_type./tv/tv_producer_term/program,365
/organization/organization/place_founded,366
/medicine/notable_person_with_medical_condition/condition,367
/medicine/disease/notable_people_with_this_condition,368
/film/actor/dubbing_performances./film/dubbing_performance/film,369
/film/film/dubbing_performances./film/dubbing_performance/actor,370
/film/actor/dubbing_performances./film/dubbing_performance/language,371
/education/university/international_tuition./measurement_unit/dated_money_value/currency,372
/people/profession/specializations,373
/people/profession/specialization_of,374
/film/film/film_set_decoration_by,375
/government/government_office_category/officeholders./government/government_position_held/office_holder,376
/film/film_set_designer/film_sets_designed,377
/government/politician/government_positions_held./government/government_position_held/basic_title,378
/time/event/instance_of_recurring_event,379
/time/recurring_event/instances,380
/tv/tv_personality/tv_regular_appearances./tv/tv_regular_personal_appearance/appearance_type,381
/tv/non_character_role/tv_regular_personal_appearances./tv/tv_regular_personal_appearance/person,382
/government/governmental_jurisdiction/governing_officials./government/government_position_held/office_holder,383
/government/politician/government_positions_held./government/government_position_held/jurisdiction_of_office,384
/base/localfood/seasonal_month/produce_available./base/localfood/produce_availability/seasonal_months,385
/tv/tv_program/regular_personal_appearances./tv/tv_regular_personal_appearance/person,386
/tv/tv_personality/tv_regular_appearances./tv/tv_regular_personal_appearance/program,387
/government/political_party/politicians_in_this_party./government/political_party_tenure/politician,388
/government/politician/party./government/political_party_tenure/party,389
/olympics/olympic_games/medals_awarded./olympics/olympic_medal_honor/medal,390
/olympics/olympic_medal/medal_winners./olympics/olympic_medal_honor/olympics,391
/sports/sports_position/players./american_football/football_historical_roster_position/position_s,392
/broadcast/artist/content,393
/broadcast/content/artist,394
/user/alexander/philosophy/subject/philosophers,395
/user/alexander/philosophy/philosopher/interests,396
/base/activism/activism_issue/activists,397
/base/activism/activist/area_of_activism,398
/government/legislative_session/members./government/government_position_held/governmental_body,399
/government/governmental_body/members./government/government_position_held/legislative_sessions,400
/music/instrument/variation,401
/music/instrument/family,402
/base/x2010fifaworldcupsouthafrica/world_cup_squad/current_world_cup_squad./base/x2010fifaworldcupsouthafrica/current_world_cup_squad/position,403
/dataworld/gardening_hint/split_to,404
/education/educational_institution/subsidiary_or_constituent_schools,405
/education/educational_institution/parent_institution,406
/base/saturdaynightlive/snl_cast_member/seasons./base/saturdaynightlive/snl_season_tenure/cast_members,407
/film/film_art_director/films_art_directed,408
/film/film/film_art_direction_by,409
/music/group_member/vocal_range,410
/music/voice/singers,411
/sports/pro_athlete/teams./sports/sports_team_roster/position,412
/sports/sports_position/players./sports/sports_team_roster/player,413
/organization/organization/phone_number./common/phone_number/service_location,414
/symbols/namesake/named_after,415
/symbols/name_source/namesakes,416
/people/person/children,417
/people/person/parents,418
/award/award_category/presenting_organization,419
/award/award_presenting_organization/award_categories_presented,420
/tv/special_tv_performance_type/starring_performances./tv/regular_tv_appearance/actor,421
/tv/tv_actor/starring_roles./tv/regular_tv_appearance/special_performance_type,422
/base/popstra/celebrity/lived_with./base/popstra/lived_with/participant,423
/military/military_commander/military_commands./military/military_command/military_conflict,424
/military/military_conflict/commanders./military/military_command/military_commander,425
/government/government_office_category/officeholders./government/government_position_held/legislative_sessions,426
/government/legislative_session/members./government/government_position_held/basic_title,427
/military/military_person/participated_in_conflicts,428
/military/military_conflict/military_personnel_involved,429
/education/educational_degree/people_with_this_degree./education/education/specialization,430
/food/diet_follower/follows_diet,431
/food/diet/followers,432
/military/military_combatant/force_deployments./military/force_strength/combatant,433
/organization/organization/legal_structure,434
/business/company_type/companies_of_this_type,435
/education/educational_institution/students_graduates./education/education/specialization,436
/soccer/football_position/players,437
/base/academyawards/host_of_oscar_show/oscar_show_hosted,438
/soccer/football_player/position_s,439
/government/governmental_body/members./government/government_position_held/office_holder,440
/government/governmental_body/members./government/government_position_held/district_represented,441
/business/business_operation/net_profit./measurement_unit/dated_money_value/currency,442
/government/politician/government_positions_held./government/government_position_held/governmental_body,443
/government/political_district/representatives./government/government_position_held/governmental_body,444
/film/film/gross_revenue./measurement_unit/dated_money_value/currency,445
/protected_sites/natural_or_cultural_site_designation/sites./protected_sites/natural_or_cultural_site_listing/listed_site,446
/protected_sites/listed_site/designation_as_natural_or_cultural_site./protected_sites/natural_or_cultural_site_listing/designation,447
/military/military_conflict/commanders./military/military_command/military_combatant,448
/military/military_combatant/military_commanders./military/military_command/military_conflict,449
/organization/organization_scope/organizations_with_this_scope,450
/organization/organization/geographic_scope,451
/people/family/country,452
/base/localfood/seasonal_month/produce_available./base/localfood/produce_availability/produce,453
/base/localfood/produce/availability./base/localfood/produce_availability/seasonal_months,454
/people/person/employment_history./business/employment_tenure/title,455
/film/film_character/portrayed_in_films./film/performance/actor,456
/business/job_title/people_with_this_title./business/employment_tenure/person,457
/government/political_appointer/appointees./government/government_position_held/governmental_body,458
/government/governmental_body/members./government/government_position_held/appointed_by,459
/film/actor/film./film/performance/character,460
/sports/sports_position/players./soccer/football_roster_position/player,461
/soccer/football_player/current_team./sports/sports_team_roster/position,462
/base/schemastaging/tv_actor_extra/regular_dubbing_performances./base/schemastaging/tv_star_dubbing_performance/program,463
/language/human_language/main_country,464
/government/politician/government_positions_held./government/government_position_held/office_position_or_title,465
/base/popstra/religion/membership./base/popstra/religion_choice/member,466
/government/government_office_or_title/office_holders./government/government_position_held/office_holder,467
/base/popstra/celebrity/religion./base/popstra/religion_choice/religion,468
/base/schemastaging/tv_program_extra/regular_dubbing_performances./base/schemastaging/tv_star_dubbing_performance/actor,469
/film/film/starring./film/performance/character,470
/base/schemastaging/organization_extra/phone_number./base/schemastaging/phone_open_times/time_zone,471
/film/film_character/portrayed_in_films./film/performance/film,472
/soccer/football_player/current_team./soccer/football_roster_position/position,473
/sports/pro_athlete/teams./soccer/football_roster_position/position,474
/medicine/disease/parent_disease,475
/military/military_person/service./military/military_service/military_force,476
/medicine/disease/includes_diseases,477
/military/armed_force/personnel./military/military_service/military_person,478
/organization/organization/phone_number./common/phone_number/category,479
/film/film_job/films_with_this_crew_job./film/film_crew_gig/crewmember,480
/film/film_crewmember/films_crewed./film/film_crew_gig/film_crew_role,481
/medicine/medical_specialty/diseases_treated,482
/media_common/media_genre/parent_genre,483
/media_common/media_genre/child_genres,484
/medicine/disease/medical_specialties,485
/education/field_of_study/students_majoring./education/education/minor,486
/business/business_operation/liabilities./measurement_unit/dated_money_value/currency,487
/education/educational_institution/students_graduates./education/education/minor,488
/education/field_of_study/students_majoring./education/education/specialization,489
/education/educational_degree/people_with_this_degree./education/education/minor,490
/business/business_operation/retained_earnings./measurement_unit/dated_money_value/currency,491
/organization/organization_type/organizations_of_this_type,492
/organization/organization/organization_type,493
/olympics/olympic_athlete/medals_won./olympics/olympic_medal_honor/medalist,494
/government/political_district/representatives./government/government_position_held/jurisdiction_of_office,495
/government/political_appointer/appointees./government/government_position_held/office_position_or_title,496
/government/government_office_or_title/office_holders./government/government_position_held/appointed_by,497
/government/governmental_jurisdiction/governing_officials./government/government_position_held/district_represented,498
/soccer/football_league/teams./soccer/football_league_participation/team,499
/film/film/runtime./film/film_cut/type_of_film_cut,500
/soccer/football_team/league./soccer/football_league_participation/league,501
/base/popstra/organization/supporter./base/popstra/support/supporter,502
/business/business_operation/current_assets./measurement_unit/dated_money_value/currency,503
/base/popstra/celebrity/supporter./base/popstra/support/supported_organization,504
/business/business_operation/current_liabilities./measurement_unit/dated_money_value/currency,505
/olympics/olympic_games/athletes./olympics/olympic_athlete_affiliation/athlete,506
/olympics/olympic_athlete/country./olympics/olympic_athlete_affiliation/olympics,507
/government/political_appointer/appointees./government/government_position_held/basic_title,508
/finance/currency/countries_used,509
/medicine/disease/treatments,510
/government/government_office_category/officeholders./government/government_position_held/appointed_by,511
/location/country/currency_used,512
/medicine/medical_treatment/used_to_treat,513
/government/governmental_body/sessions,514
/tv/tv_character/appeared_in_tv_program./tv/regular_tv_appearance/actor,515
/tv/tv_actor/starring_roles./tv/regular_tv_appearance/character,516
/government/legislative_session/legislature,517
/business/business_operation/cash./measurement_unit/dated_money_value/currency,518
/government/legislative_session/members./government/government_position_held/jurisdiction_of_office,519
/government/governmental_jurisdiction/governing_officials./government/government_position_held/legislative_sessions,520
/base/schemastaging/tv_actor_extra/regular_dubbing_performances./base/schemastaging/tv_star_dubbing_performance/language,521
/food/ingredient/compatible_with_dietary_restrictions,522
/royalty/order_of_chivalry/recipients./royalty/chivalric_order_membership/recipient,523
/tv/special_tv_performance_type/episode_performances./tv/tv_guest_role/actor,524
/food/dietary_restriction/compatible_ingredients,525
/royalty/chivalric_order_member/belongs_to_order./royalty/chivalric_order_membership/order,526
/tv/tv_actor/guest_roles./tv/tv_guest_role/special_performance_type,527
/language/human_language/writing_system,528
/language/language_writing_system/languages,529
/government/legislative_session/members./government/government_position_held/office_position_or_title,530
/government/government_office_or_title/office_holders./government/government_position_held/legislative_sessions,531
/american_football/football_player/former_teams./sports/sports_team_roster/team,532
/government/political_appointer/appointees./government/government_position_held/jurisdiction_of_office,533
/american_football/football_team/historical_roster./american_football/football_historical_roster_position/player,534
/american_football/football_player/former_teams./american_football/football_historical_roster_position/team,535
/american_football/football_team/historical_roster./sports/sports_team_roster/player,536
/sports/pro_athlete/teams./american_football/football_historical_roster_position/team,537
/celebrities/sexual_orientation/celebrities./celebrities/sexual_orientation_phase/celebrity,538
/user/mt/default_domain/metabolite/biofluid_location,539
/military/military_conflict/casualties./military/casualties/combatant,540
/military/military_combatant/casualties./military/casualties/military_conflict,541
/film/film_casting_director/films_casting_directed,542
/sports/sports_team/roster./american_football/football_historical_roster_position/player,543
/film/film/film_casting_director,544
/government/governmental_jurisdiction/governing_officials./government/government_position_held/appointed_by,545
/celebrities/celebrity/sexual_orientation./celebrities/sexual_orientation_phase/sexual_orientation,546
/base/events/performer/performances./base/events/performance/performer,547
/olympics/olympic_games/medals_awarded./olympics/olympic_medal_honor/medalist,548
/olympics/olympic_athlete/medals_won./olympics/olympic_medal_honor/olympics,549
/people/ethnicity/includes_groups,550
/people/ethnicity/included_in_group,551
/user/alexbl/honorary_title/titled_person/honorary_title./user/alexbl/honorary_title/honorary_title_holding/honorary_title,552
/user/alexbl/honorary_title/honorary_title/titled_people./user/alexbl/honorary_title/honorary_title_holding/conferred_upon,553
/education/field_of_study/subdiscipline_of,554
/location/neighborhood/neighborhood_of,555
/education/field_of_study/subdisciplines,556
/location/place_with_neighborhoods/neighborhoods,557
/media_common/adapted_work/adaptations,558
/media_common/adaptation/adapted_from,559
/base/schemastaging/athlete_extra/salary./base/schemastaging/athlete_salary/team,560
/time/event/includes_event,561
/language/human_language/region,562
/time/event/included_in_event,563
/people/cause_of_death/includes_causes_of_death,564
/people/cause_of_death/parent_cause_of_death,565
/military/rank/used_by_services./military/military_service/military_force,566
/military/armed_force/personnel./military/military_service/rank,567
/film/film/dubbing_performances./film/dubbing_performance/language,568
/base/schemastaging/tv_program_extra/regular_dubbing_performances./base/schemastaging/tv_star_dubbing_performance/language,569
/base/schemastaging/athlete_extra/salary./base/schemastaging/athlete_salary/currency,570
/olympics/olympic_participating_country/athletes./olympics/olympic_athlete_affiliation/athlete,571
/olympics/olympic_athlete/country./olympics/olympic_athlete_affiliation/country,572
/olympics/olympic_sport/athletes./olympics/olympic_athlete_affiliation/athlete,573
/olympics/olympic_athlete/country./olympics/olympic_athlete_affiliation/sport,574
/olympics/olympic_athlete/medals_won./olympics/olympic_medal_honor/medal,575
/olympics/olympic_medal/medal_winners./olympics/olympic_medal_honor/medalist,576
/military/military_commander/military_commands./military/military_command/military_combatant,577
/military/military_combatant/military_commanders./military/military_command/military_commander,578
/medicine/disease/causes,579
/medicine/disease_cause/diseases,580
/media_common/dedicator/dedications./media_common/dedication/dedicated_to,581
/media_common/dedicatee/dedications./media_common/dedication/dedicated_by,582
/american_football/football_coach_position/coaches_holding_this_position./american_football/football_historical_coach_position/team,583
/american_football/football_team/historical_coaching_staff./american_football/football_historical_coach_position/position,584
/visual_art/visual_artist/art_forms,585
/visual_art/visual_art_form/artists,586
/sports/pro_athlete/teams./basketball/basketball_historical_roster_position/team,587
/basketball/basketball_team/historical_roster./sports/sports_team_roster/player,588
/sports/sports_team/roster./basketball/basketball_historical_roster_position/player,589
/basketball/basketball_player/former_teams./sports/sports_team_roster/team,590
/basketball/basketball_player/former_teams./basketball/basketball_historical_roster_position/team,591
/basketball/basketball_team/historical_roster./basketball/basketball_historical_roster_position/player,592
/people/appointer/appointment_made./people/appointment/appointed_role,593
/people/appointed_role/appointment./people/appointment/appointed_by,594
/government/politician/government_positions_held./government/government_position_held/appointed_by,595
/government/political_appointer/appointees./government/government_position_held/office_holder,596
/tv/tv_series_season/regular_cast./tv/regular_tv_appearance/actor,597
/tv/tv_actor/starring_roles./tv/regular_tv_appearance/seasons,598
/travel/travel_destination/tourist_attractions,599
/government/political_party/ideology,600
/travel/tourist_attraction/near_travel_destination,601
/government/political_ideology/political_parties,602
/book/school_or_movement/associated_authors,603
/book/author/school_or_movement,604
/tv/tv_program/regular_personal_appearances./tv/tv_regular_personal_appearance/appearance_type,605
/government/political_district/representatives./government/government_position_held/office_holder,606
/government/politician/government_positions_held./government/government_position_held/district_represented,607
/basketball/basketball_player/player_statistics./basketball/basketball_player_stats/team,608
/tv/non_character_role/tv_regular_personal_appearances./tv/tv_regular_personal_appearance/program,609
/american_football/football_player/position_s,610
/base/popstra/company/product_endorser./base/popstra/paid_support/endorser,611
/olympics/olympic_participating_country/medals_won./olympics/olympic_medal_honor/medalist,612
/base/popstra/celebrity/endorsements./base/popstra/paid_support/company,613
/american_football/football_position/players,614
/olympics/olympic_athlete/medals_won./olympics/olympic_medal_honor/country,615
/education/educational_institution/sexes_accepted./education/gender_enrollment/sex,616
/aviation/airline/airports_served./aviation/airline_airport_presence/cities_served,617
/organization/role/leaders./organization/leadership/person,618
/education/educational_institution/sports_teams,619
/user/szaijan/fantasy_football/player/nfl_team,620
/business/board_member/leader_of./organization/leadership/role,621
/sports/school_sports_team/school,622
/tv/tv_program/regular_cast./tv/regular_tv_appearance/special_performance_type,623
/computer/programming_language/influenced,624
/computer/programming_language_paradigm/languages,625
/computer/programming_language/influenced_by,626
/computer/programming_language/language_paradigms,627
/tv/special_tv_performance_type/starring_performances./tv/regular_tv_appearance/series,628
/sports/sports_team/season_record./sports/sports_team_season_record/season,629
/organization/organization/acquired_by./business/acquisition/acquiring_company,630
/organization/organization/sectors,631
/aviation/airport/airlines./aviation/airline_airport_presence/cities_served,632
/organization/organization/companies_acquired./business/acquisition/company_acquired,633
/government/government_office_category/officeholders./government/government_position_held/district_represented,634
/base/biblioness/bibs_location/city,635
/government/political_district/representatives./government/government_position_held/basic_title,636
/organization/organization_sector/organizations_in_this_sector,637
/tv/tv_program_guest/appeared_on./tv/tv_guest_personal_appearance/appearance_type,638
/government/government_office_category/officeholders./government/government_position_held/governmental_body,639
/government/governmental_body/members./government/government_position_held/basic_title,640
/tv/non_character_role/tv_guest_personal_appearances./tv/tv_guest_personal_appearance/person,641
/baseball/baseball_team/historical_roster./baseball/baseball_historical_roster_position/player,642
/royalty/royal_line/kingdom_s_ruled,643
/base/saints/saint/venerated_in,644
/sports/sports_team/roster./baseball/baseball_historical_roster_position/player,645
/user/hangy/default_domain/sports_team_gender/gender,646
/baseball/baseball_player/former_teams./sports/sports_team_roster/team,647
/language/human_language/language_family,648
/baseball/baseball_team/historical_roster./sports/sports_team_roster/player,649
/military/military_combatant/force_deployments./military/force_strength/military_conflict,650
/basketball/basketball_player/position_s,651
/language/language_family/languages,652
/military/military_conflict/force_strengths./military/force_strength/combatant,653
/geography/river/cities,654
/baseball/baseball_player/former_teams./baseball/baseball_historical_roster_position/team,655
/sports/pro_athlete/teams./baseball/baseball_historical_roster_position/team,656
/basketball/basketball_position/players,657
/business/board_member/organization_board_memberships./organization/organization_board_membership/organization,658
/organization/organization/board_members./organization/organization_board_membership/member,659
/sports/sports_league_season/awards./sports/sports_award/award,660
/sports/sports_award_type/winners./sports/sports_award/season,661
/religion/religion/includes,662
/religion/religion/is_part_of,663
/medicine/drug/legal_status,664
/baseball/baseball_player/batting_stats./baseball/batting_statistics/team,665
/base/popstra/celebrity/shops_at./base/popstra/shopping_choice/company,666
/tv/tv_program/spun_off_from,667
/base/popstra/celebrity/hangout./base/popstra/hangout/business_location,668
/base/contractbridge/bridge_player/first_place_finish./base/contractbridge/bridge_tournament_standings/first_place,669
/base/popstra/business_location/customer./base/popstra/hangout/customer,670
/fictional_universe/fictional_character_creator/fictional_characters_created,671
/tv/tv_network/areas_served,672
/base/contractbridge/bridge_player/teammates./base/contractbridge/bridge_player_teammates/teammate,673
/fictional_universe/fictional_character/character_created_by,674
/base/popstra/company/shopping_choice./base/popstra/shopping_choice/shopper,675
/tv/tv_program/spin_offs,676
/transportation/road/major_cities,677
/baseball/baseball_player/batting_stats./baseball/batting_statistics/season,678
/base/fight/crime_type/people_convicted_of_this_crime./base/crime/criminal_conviction/guilty_of,679
/government/governmental_jurisdiction/governing_officials./government/government_position_held/governmental_body,680
/user/alexander/philosophy/philosopher/era,681
/user/alexander/philosophy/era/philosophers,682
/government/government_agency/jurisdiction,683
/base/x2010fifaworldcupsouthafrica/world_cup_participant/world_cup_team./base/x2010fifaworldcupsouthafrica/current_world_cup_squad/position,684
/fictional_universe/character_gender/characters_of_this_gender,685
/fictional_universe/fictional_character/gender,686
/biology/organism_classification/rank,687
/government/governmental_jurisdiction/agencies,688
/government/governmental_body/members./government/government_position_held/jurisdiction_of_office,689
/government/governmental_body/jurisdiction,690
/biology/organism_classification_rank/organism_classifications,691
/government/governmental_jurisdiction/government_bodies,692
/base/americancomedy/comedy_group/members./base/americancomedy/comedy_group_membership/member,693
/base/contractbridge/bridge_player/first_place_finish./base/contractbridge/bridge_tournament_standings/second_place,694
/location/symbol_of_administrative_division/official_symbol_of./location/location_symbol_relationship/administrative_division,695
/government/governmental_jurisdiction/official_symbols./location/location_symbol_relationship/symbol,696
/base/americancomedy/comedy_group_member/belongs_to./base/americancomedy/comedy_group_membership/group,697
/royalty/kingdom/rulers,698
/base/popstra/celebrity/eats_at./base/popstra/restaurant_choice/restaurant,699
/base/contractbridge/bridge_player/second_place_finish./base/contractbridge/bridge_tournament_standings/first_place,700
/government/government_office_or_title/office_holders./government/government_position_held/jurisdiction_of_office,701
/base/localfood/food_producing_region/seasonal_availability./base/localfood/produce_availability/produce,702
/base/localfood/produce/availability./base/localfood/produce_availability/location,703
/base/popstra/restaurant/restaurant_choice./base/popstra/restaurant_choice/diner,704
/government/governmental_jurisdiction/governing_officials./government/government_position_held/office_position_or_title,705
/chemistry/chemical_compound/solubility./chemistry/solubility_relationship/solvent,706
/royalty/monarch/kingdom,707
/base/nobelprizes/nobel_prize_winner/nobel_honor./base/nobelprizes/nobel_honor/subject_area,708
/base/twinnedtowns/twinned_town/twinned_with./base/twinnedtowns/town_twinning/twinned_towns,709
/base/x2010fifaworldcupsouthafrica/world_cup_squad/current_world_cup_squad./base/x2010fifaworldcupsouthafrica/current_world_cup_squad/players,710
/base/nobelprizes/nobel_subject_area/nobel_awards./base/nobelprizes/nobel_honor/nobel_prize_winner,711
/organization/organization/board_members./organization/organization_board_membership/role,712
/base/contractbridge/bridge_player/second_place_finish./base/contractbridge/bridge_tournament_standings/second_place,713
/base/x2010fifaworldcupsouthafrica/world_cup_participant/world_cup_team./base/x2010fifaworldcupsouthafrica/current_world_cup_squad/current_club,714
/organization/role/governors./organization/organization_board_membership/organization,715
/geography/river/basin_countries,716
/base/x2010fifaworldcupsouthafrica/world_cup_participant/world_cup_team./base/x2010fifaworldcupsouthafrica/current_world_cup_squad/national_team,717
/travel/travel_destination/how_to_get_here./travel/transportation/transport_operator,718
/sports/sports_championship_event/champion,719
/sports/sports_team/championships,720
/fictional_universe/fictional_universe/works_set_here,721
/soccer/football_player/matches_played./soccer/football_player_match_participation/team,722
/travel/transport_operator/travel_destinations_served./travel/transportation/travel_destination,723
/fictional_universe/work_of_fiction/part_of_these_fictional_universes,724
/fictional_universe/fictional_character/occupation,725
/fictional_universe/character_occupation/characters_with_this_occupation,726
/baseball/baseball_player/position_s,727
/base/fight/crime_type/people_convicted_of_this_crime./base/crime/criminal_conviction/convicted_person,728
/film/film_festival/individual_festivals,729
/base/parody/parodied_subject/parodies,730
/base/parody/parody/parody_of,731
/film/film_festival_event/festival,732
/baseball/baseball_position/players,733
/tv/tv_series_season/regular_cast./tv/regular_tv_appearance/seasons,734
/base/crime/convicted_criminal/convictions./base/crime/criminal_conviction/guilty_of,735
/base/bioventurist/bv_medical_condition/company_involved,736
/geography/lake/cities,737
/american_football/football_player/former_teams./sports/sports_team_roster/position,738
/medicine/drug_ingredient/active_moiety_of_drug,739
/fictional_universe/fictional_character/powers_or_abilities,740
/medicine/drug/active_moieties,741
/military/military_person/service./military/military_service/rank,742
/military/rank/used_by_services./military/military_service/military_person,743
/sports/pro_athlete/teams./american_football/football_historical_roster_position/position_s,744
/user/robert/us_congress/congressional_caucus/current_house_members,745
/religion/religion/notable_figures,746
/american_football/football_player/former_teams./american_football/football_historical_roster_position/position_s,747
/sports/sports_position/players./american_football/football_historical_roster_position/player,748
/cvg/cvg_genre/games,749
/people/deceased_person/place_of_cremation,750
/cvg/computer_videogame/cvg_genre,751
/sports/professional_sports_team/owner_s,752
/sports/sports_team_owner/teams_owned,753
/fictional_universe/character_powers/characters_with_this_ability,754
/user/robert/us_congress/us_representative/congressional_caucus_memberships,755
/base/bioventurist/science_or_technology_company/develops_treatments_for_disease,756
/sports/sports_award_winner/awards./sports/sports_award/award,757
/cvg/gameplay_mode/games_with_this_mode,758
/sports/sports_award_type/winners./sports/sports_award/award_winner,759
/tv/tv_location/tv_shows_filmed_here,760
/tv/tv_program/filming_locations,761
/aviation/airport/airlines./aviation/airline_airport_presence/airline,762
/visual_art/visual_artist/associated_periods_or_movements,763
/visual_art/art_period_movement/associated_artists,764
/aviation/airline/airports_served./aviation/airline_airport_presence/airport,765
/cvg/computer_videogame/gameplay_modes,766
/broadcast/genre/content,767
/sports/professional_sports_team/draft_picks./sports/sports_league_draft_pick/player,768
/music/group_member/artists_supported,769
/music/artist/supporting_artists,770
/broadcast/content/genre,771
/tv/tv_actor/guest_roles./tv/tv_guest_role/episodes_appeared_in,772
/tv/tv_series_episode/guest_stars./tv/tv_guest_role/actor,773
/sports/drafted_athlete/drafted./sports/sports_league_draft_pick/team,774
/base/schemastaging/person_extra/net_worth./measurement_unit/dated_money_value/source,775
/people/family/members,776
/venture_capital/venture_funded_company/venture_investors./venture_capital/venture_investment/investor,777
/user/mt/default_domain/metabolite/associated_disorder,778
/base/popstra/company/fashion_choice./base/popstra/fashion_choice/fashion_wearer,779
/people/family_member/family,780
/base/popstra/celebrity/wears./base/popstra/fashion_choice/designer,781
/tv/tv_program/regular_cast./tv/regular_tv_appearance/character,782
/venture_capital/venture_investor/investments./venture_capital/venture_investment/company,783
/tv/tv_character/appeared_in_tv_program./tv/regular_tv_appearance/series,784
/film/film_company/films./film/film_film_company_relationship/film,785
/film/film/other_film_companies./film/film_film_company_relationship/film_company,786
/tennis/tennis_player/matches_lost./tennis/tennis_match/winner,787
/government/government_office_category/offices,788
/tennis/tennis_player/matches_won./tennis/tennis_match/loser,789
/tv/tv_program/episodes,790
/government/government_office_or_title/category,791
/fictional_universe/fictional_setting/works_set_here,792
/tv/tv_series_episode/series,793
/architecture/structure/architectural_style,794
/fictional_universe/work_of_fiction/setting,795
/common/annotation_category/annotations,796
/architecture/architectural_style/examples,797
/common/webpage/category,798
/business/board_member/leader_of./organization/leadership/organization,799
/broadcast/broadcast/area_served,800
/baseball/baseball_league/teams,801
/organization/organization/leadership./organization/leadership/person,802
/base/nobelprizes/nobel_subject_area/nobel_awards./base/nobelprizes/nobel_honor/subject_area,803
/baseball/baseball_team/league,804
/base/popstra/product/sold_to./base/popstra/product_choice/consumer,805
/base/americancomedy/comedy_genre/comedians_in_this_genre,806
/user/coco/science/concepts_theories/parent_concept,807
/user/coco/science/concepts_theories/child_concept,808
/sports/sports_award_winner/awards./sports/sports_award/team,809
/award/long_list_nominee/long_list_nominations./award/long_list_nomination/award,810
/broadcast/radio_format/stations,811
/base/popstra/celebrity/bought./base/popstra/product_choice/product,812
/sports/sports_championship_event/championship,813
/sports/sports_championship/events,814
/tv/tv_character/appeared_in_tv_episodes./tv/tv_guest_role/actor,815
/government/governmental_jurisdiction/government_positions,816
/government/government_office_or_title/jurisdiction,817
/base/americancomedy/comedian/comedy_genres,818
/government/government_office_or_title/office_holders./government/government_position_held/basic_title,819
/tv/tv_program/subjects,820
/location/location/nearby_airports,821
/user/narphorium/people/wealthy_person/net_worth./measurement_unit/dated_money_value/currency,822
/government/government_office_category/officeholders./government/government_position_held/office_position_or_title,823
/broadcast/radio_station/format,824
/tv/tv_actor/guest_roles./tv/tv_guest_role/character,825
/aviation/airport/serves,826
/award/award_category/long_lists./award/long_list_nomination/nominee,827
/tv/tv_subject/tv_programs,828
/computer/operating_system/parent_os,829
/music/album/genre,830
/aviation/airport/focus_city_for,831
/business/sponsor/sponsorship./business/sponsorship/sponsored_recipient,832
/business/sponsored_recipient/sponsorship./business/sponsorship/sponsored_by,833
/computer/operating_system/includes_os_versions,834
/music/genre/albums,835
/food/ingredient/incompatible_with_dietary_restrictions,836
/food/dietary_restriction/incompatible_ingredients,837
/aviation/airline/focus_cities,838
/religion/religious_practice/practice_of,839
/base/newsevents/news_reported_event/news_report_s./base/newsevents/news_report/news_reporting_organisation,840
/geography/island/body_of_water,841
/basketball/basketball_team/roster./sports/sports_team_roster/player,842
/sports/sports_team/roster./basketball/basketball_roster_position/player,843
/basketball/basketball_team/roster./basketball/basketball_roster_position/player,844
/sports/pro_athlete/teams./basketball/basketball_roster_position/team,845
/base/crime/crime_victim/crime,846
/basketball/basketball_player/team./sports/sports_team_roster/team,847
/geography/body_of_water/islands,848
/basketball/basketball_player/team./basketball/basketball_roster_position/team,849
/aviation/airline/hubs,850
/aviation/airport/hub_for,851
/religion/religion/practices,852
/base/newsevents/news_reporting_organisation/news_reports./base/newsevents/news_report/event,853
/royalty/monarch/royal_line,854
/base/crime/crime/victim_s,855
/royalty/royal_line/monarchs_from_this_line,856
/architecture/museum/address./location/mailing_address/citytown,857
/computer/software/software_genre,858
/basketball/basketball_position/player_roster_position./basketball/basketball_roster_position/player,859
/base/fight/crime_type/victims_of_this_crime_type,860
/basketball/basketball_player/team./basketball/basketball_roster_position/position,861
/finance/currency/countries_formerly_used,862
/sports/sports_position/players./basketball/basketball_roster_position/player,863
/computer/software_genre/software_in_genre,864
/basketball/basketball_player/team./sports/sports_team_roster/position,865
/base/crime/crime_victim/crime_type,866
/base/argumentmaps/morally_disputed_activity/instance_of_abstract_moral_dispute,867
/base/argumentmaps/abstract_moral_dispute/particular_instances,868
/location/country/currency_formerly_used,869
/organization/organization/involved_in_merger./organization/organization_merger/organizations_merging,870
/sports/pro_athlete/teams./basketball/basketball_roster_position/position,871
/basketball/basketball_position/player_roster_position./sports/sports_team_roster/player,872
/business/brand/owner_s./business/company_brand_relationship/company,873
/cvg/cvg_publisher/games_published,874
/geography/geographical_feature/category,875
/comic_books/comic_book_character/created_by,876
/computer/software/license,877
/film/special_film_performance_type/film_performance_type./film/performance/character,878
/business/consumer_company/brands./business/company_brand_relationship/brand,879
/education/field_of_study/academics_in_this_field,880
/sports/drafted_athlete/drafted./sports/sports_league_draft_pick/school,881
/comic_books/comic_book_creator/characters_created,882
/cvg/computer_videogame/publisher,883
/cvg/computer_videogame/subjects,884
/biology/animal_breed/place_of_origin,885
/cvg/game_character/games./cvg/game_performance/game,886
/medicine/infectious_disease/infectious_agent_type,887
/biology/breed_origin/breeds_originating_here,888
/film/film_character/portrayed_in_films./film/performance/special_performance_type,889
/cvg/computer_game_subject/games,890
/cvg/computer_videogame/characters./cvg/game_performance/character,891
/geography/geographical_feature_category/features,892
/education/academic/research_areas,893
/medicine/type_of_infectious_agent/diseases,894
/architecture/museum/type_of_museum,895
/award/hall_of_fame/discipline,896
/sports/sports_league_season/awards./sports/sports_award/award_winner,897
/religion/religion/deities,898
/award/hall_of_fame_discipline/halls_of_fame,899
/travel/transport_terminus/travel_destinations_served./travel/transportation/mode_of_transportation,900
/sports/sports_league/sport,901
/protected_sites/site_listing_category/listed_sites./protected_sites/natural_or_cultural_site_listing/listed_site,902
/protected_sites/listed_site/designation_as_natural_or_cultural_site./protected_sites/natural_or_cultural_site_listing/category_or_criteria,903
/media_common/dedicatee/dedications./media_common/dedication/work_dedicated,904
/film/film/film_series,905
/sports/sport/leagues,906
/sports/sports_award_winner/awards./sports/sports_award/season,907
/projects/project_role/projects./projects/project_participation/participant,908
/architecture/architectural_style/architects,909
/base/petbreeds/dog_breed/size./base/petbreeds/dog_size/gender,910
/base/famouspets/pet_owner/pets_owned./base/famouspets/pet_ownership/owner,911
/government/governmental_body/members./government/government_position_held/office_position_or_title,912
/travel/transport_operator/travel_destinations_served./travel/transportation/transport_operator,913
/fictional_universe/fictional_universe/characters,914
/government/government_office_or_title/office_holders./government/government_position_held/governmental_body,915
/computer/operating_system_developer/operating_systems_developed,916
/religion/deity/deity_of,917
/computer/operating_system/developer,918
/architecture/type_of_museum/museums,919
/architecture/architect/architectural_style,920
/media_common/dedicated_work/dedication./media_common/dedication/dedicated_to,921
/film/film_series/films_in_series,922
/projects/project_participant/projects./projects/project_participation/role,923
/fictional_universe/fictional_character/appears_in_these_fictional_universes,924
/common/topic/webpage./common/webpage/topic,925
/medicine/drug_ingredient/more_general_ingredient,926
/film/film_character/portrayed_in_films_dubbed./film/dubbing_performance/language,927
/base/yalebase/secret_society/notable_members./base/yalebase/secret_society_membership/member,928
/religion/religion/organizations,929
/education/educational_institution/mascot,930
/baseball/baseball_player/lifetime_batting_statistics./baseball/lifetime_batting_statistics/last_statistics_season,931
/organization/organization/product_of_merger./organization/organization_merger/organizations_merging,932
/book/newspaper/circulation_areas,933
/soccer/football_player/goals_scored./soccer/football_goal/point_awarded_to,934
/religion/religious_organization/associated_with,935
/organization/organization/involved_in_merger./organization/organization_merger/became_organization,936
/film/film_character/portrayed_in_films_dubbed./film/dubbing_performance/film,937
/geography/island/island_group,938
/tv/special_tv_performance_type/starring_performances./tv/regular_tv_appearance/character,939
/tv/tv_character/appeared_in_tv_program./tv/regular_tv_appearance/special_performance_type,940
/book/written_work/subjects,941
/film/film/dubbing_performances./film/dubbing_performance/character,942
/location/it_province/capital,943
/book/book_subject/works,944
/architecture/structure/address./location/mailing_address/citytown,945
/religion/religion/texts,946
/periodicals/newspaper_circulation_area/newspapers,947
/base/yalebase/secret_society_member/belonged_to./base/yalebase/secret_society_membership/society,948
/architecture/museum/address./location/mailing_address/state_province_region,949
/religion/religious_text/religious_text_of,950
/geography/island_group/islands_in_group,951
/medicine/drug_ingredient/more_specific_ingredient,952
/education/school_mascot/school,953
/business/asset/owners./business/asset_ownership/owner,954
/computer/software/languages_used,955
/business/asset_owner/assets_owned./business/asset_ownership/owned_asset,956
/computer/computer/manufacturer,957
/fictional_universe/fictional_character/species,958
/tv/tv_series_season/regular_cast./tv/regular_tv_appearance/series,959
/tv/tv_series_season/series,960
/aviation/aircraft_owner/aircraft_fleet_composition./aviation/aircraft_ownership_count/aircraft_model,961
/tv/tv_program/regular_cast./tv/regular_tv_appearance/seasons,962
/base/schemastaging/tv_character_extra/regular_dubbing_performances./base/schemastaging/tv_star_dubbing_performance/language,963
/book/book/genre,964
/computer/computer_manufacturer_brand/computer_models,965
/media_common/literary_genre/books_in_this_genre,966
/soccer/football_team/manager./soccer/football_team_management_tenure/manager,967
/travel/transport_terminus/travel_destinations_served./travel/transportation/travel_destination,968
/organization/organization/spun_off_from./organization/organization_spin_off/parent_company,969
/aviation/airline_alliance/member_airlines,970
/film/film/personal_appearances./film/personal_film_appearance/type_of_appearance,971
/film/personal_film_appearance_type/film_appearances./film/personal_film_appearance/film,972
/aviation/airline/alliance,973
/biology/domesticated_animal/breeds,974
/sports/sports_championship_event/runner_up,975
/american_football/football_player/games./american_football/player_game_statistics/season,976
/base/contractbridge/bridge_player/second_place_finish./base/contractbridge/bridge_tournament_standings/tournament,977
/organization/organization/spin_offs./organization/organization_spin_off/child_company,978
/base/contractbridge/bridge_tournament/standing./base/contractbridge/bridge_tournament_standings/second_place,979
/biology/animal_breed/breed_of,980
/internet/website/category,981
/fictional_universe/character_species/characters_of_this_species,982
/soccer/football_team_manager/team./soccer/football_team_management_tenure/team,983
/internet/website_category/sites,984
/education/school/highest_grade_taught,985
/base/fight/crime_type/includes_crimes,986
/aviation/aircraft_model/number_owned_by./aviation/aircraft_ownership_count/aircraft_owner,987
/base/contractbridge/bridge_tournament/standing./base/contractbridge/bridge_tournament_standings/first_place,988
/base/fight/crime_type/included_in_crimes,989
/base/contractbridge/bridge_player/first_place_finish./base/contractbridge/bridge_tournament_standings/tournament,990
/tv/tv_program/seasons,991
/user/robert/us_congress/us_representative/state,992
/travel/travel_destination/how_to_get_here./travel/transportation/transport_terminus,993
/broadcast/tv_station_owner/tv_stations,994
/astronomy/celestial_object/category,995
/law/invention/inventor,996
/sports/pro_athlete/teams./ice_hockey/hockey_previous_roster_position/team,997
/ice_hockey/hockey_team/historical_roster./ice_hockey/hockey_previous_roster_position/player,998
/american_football/football_player/rushing./american_football/player_rushing_statistics/season,999
/astronomy/orbital_relationship/orbits,1000
/astronomy/orbital_relationship/orbited_by,1001
/music/artist/album,1002
/computer/software_developer/software,1003
/dining/cuisine/ingredients,1004
/base/events/type_of_festival/recurring_festivals_of_this_type,1005
/astronomy/celestial_object_category/objects,1006
/book/author/works_written,1007
/base/events/festival_series/type_of_festival,1008
/american_football/football_player/passing./american_football/player_passing_statistics/season,1009
/cvg/cvg_developer/games_developed,1010
/american_football/football_player/games./american_football/player_game_statistics/team,1011
/education/school/lowest_grade_taught,1012
/biology/breed_registry/recognized_breeds./biology/breed_registration/breed,1013
/american_football/football_player/rushing./american_football/player_rushing_statistics/team,1014
/ice_hockey/hockey_player/former_team_s./ice_hockey/hockey_previous_roster_position/team,1015
/computer/software/developer,1016
/ice_hockey/hockey_player/former_team_s./sports/sports_team_roster/team,1017
/royalty/noble_title/holders./royalty/noble_title_tenure/noble_person,1018
/ice_hockey/hockey_team/historical_roster./sports/sports_team_roster/player,1019
/base/schemastaging/tv_program_extra/regular_dubbing_performances./base/schemastaging/tv_star_dubbing_performance/character,1020
/dining/cuisine/restaurant,1021
/music/album/artist,1022
/computer/software/compatible_oses./computer/software_compatibility/operating_system,1023
/base/schemastaging/tv_character_extra/regular_dubbing_performances./base/schemastaging/tv_star_dubbing_performance/program,1024
/film/film_festival/location,1025
/theater/theater_character/portrayed_by./theater/theater_role/actor,1026
/law/inventor/inventions,1027
/book/written_work/author,1028
/geography/lake/basin_countries,1029
/comic_books/comic_book_character/primary_universe,1030
/biology/organism_classification/higher_classification,1031
/cvg/computer_videogame/developer,1032
/base/onephylogeny/type_of_thing/things_of_this_type,1033
/comic_books/comic_book_fictional_universe/characters_primarily_appearing_in_this_universe,1034
/broadcast/tv_station/owner,1035
/biology/animal_breed/registered_with./biology/breed_registration/registry,1036
/dining/restaurant/cuisine,1037
/food/ingredient/cuisine,1038
/royalty/noble_person/titles./royalty/noble_title_tenure/noble_title,1039
/sports/sports_team/roster./ice_hockey/hockey_previous_roster_position/player,1040
/biology/organism_classification/lower_classifications,1041
/theater/theater_actor/theater_roles./theater/theater_role/role,1042
/medicine/icd_9_cm_classification/parent_classification,1043
/user/alexander/misc/murdered_person/place_murdered,1044
/broadcast/content/producer,1045
/food/dish/cuisine,1046
/base/schemastaging/tv_actor_extra/regular_dubbing_performances./base/schemastaging/tv_star_dubbing_performance/character,1047
/fictional_universe/fictional_character/employers./fictional_universe/fictional_employment_tenure/title,1048
/fictional_universe/fictional_character/married_to./fictional_universe/marriage_of_fictional_characters/spouses,1049
/user/lindenb/default_domain/scientist/known_for,1050
/award/award_presenting_organization/awards_presented,1051
/dining/cuisine/dishes,1052
/sports/tournament_event_competitor/events_competed_in./sports/competitor_competition_relationship/country,1053
/film/actor/dubbing_performances./film/dubbing_performance/character,1054
/base/schemastaging/organization_extra/phone_number./base/schemastaging/phone_sandbox/product_or_service,1055
/travel/transport_operator/travel_destinations_served./travel/transportation/mode_of_transportation,1056
/broadcast/producer/produces,1057
/astronomy/star_system_body/star_system,1058
/medicine/icd_9_cm_classification/includes_classifications,1059
/base/schemastaging/tv_character_extra/regular_dubbing_performances./base/schemastaging/tv_star_dubbing_performance/actor,1060
/fictional_universe/fictional_job_title/fictional_characters_with_this_job./fictional_universe/fictional_employment_tenure/employee,1061
/common/topic/webpage./common/webpage/resource,1062
/geography/river/mouth,1063
/exhibitions/exhibition_sponsor/exhibitions_sponsored./exhibitions/exhibition_run/sponsor,1064
/tennis/tennis_tournament_champion/tennis_titles./tennis/tennis_tournament_championship/winner,1065
/sports/drafted_athlete/drafted./sports/sports_league_draft_pick/draft,1066
/base/activism/activism_issue/activist_organizations,1067
/base/activism/organization/area_of_activism,1068
/fictional_universe/fictional_character/romantically_involved_with./fictional_universe/romantic_involvement/partner,1069
/user/radiusrs/default_domain/astrology/related_topics,1070
/american_football/football_player/passing./american_football/player_passing_statistics/team,1071
/sports/sport_country/athletic_performances./sports/competitor_competition_relationship/competitors,1072
/education/fraternity_sorority/colors,1073
/interests/collection_category/sub_categories,1074
/baseball/baseball_player/lifetime_batting_statistics./baseball/lifetime_batting_statistics/ending_season,1075
/sports/sports_league_draft/picks./sports/sports_league_draft_pick/player,1076
/interests/collection_category/parent_category,1077
/astronomy/star_system/planetary_system,1078
/common/resource/annotations./common/webpage/topic,1079
/location/location/street_address./location/mailing_address/state_province_region,1080
/film/film_character/portrayed_in_films_dubbed./film/dubbing_performance/actor,1081
/award/award/presented_by,1082
/business/consumer_company/products./business/company_product_relationship/consumer_product,1083
/fictional_universe/fictional_character/ethnicity,1084
/tv/tv_writer/episodes_written,1085
/government/government_office_or_title/governmental_body_if_any,1086
/visual_art/art_subject/artwork_on_the_subject,1087
/business/consumer_product/company./business/company_product_relationship/company,1088
/education/academic/advisees,1089
/baseball/baseball_player/lifetime_batting_statistics./baseball/lifetime_batting_statistics/starting_season,1090
/user/tfmorris/default_domain/document/signatories,1091
/user/tfmorris/default_domain/signatory/documents_signed,1092
/internet/website_owner/websites_owned_new./internet/website_ownership/website,1093
/user/szaijan/fantasy_football/player/position,1094
/architecture/building_function/buildings,1095
/language/language_dialect/language,1096
/transportation/road/end2./transportation/road_starting_point/location,1097
/organization/role/governors./organization/organization_board_membership/member,1098
/government/governmental_body/offices_positions,1099
/government/governmental_body/component_bodies,1100
/architecture/building/building_function,1101
/book/magazine/genre,1102
/broadcast/broadcast/content,1103
/location/statistical_region/population./measurement_unit/dated_integer/source,1104
/education/academic/advisors,1105
/location/location/street_address./location/mailing_address/citytown,1106
/broadcast/content/broadcast,1107
/cvg/computer_videogame/sequel,1108
/media_common/dedicator/dedications./media_common/dedication/work_dedicated,1109
/visual_art/artwork/art_subject,1110
/media_common/dedicated_work/dedication./media_common/dedication/dedicated_by,1111
/government/governmental_body/body_this_is_a_component_of,1112
/book/magazine_genre/magazines_in_this_genre,1113
/user/szaijan/fantasy_football/position/player,1114
/tv/tv_producer/tv_episodes_produced./tv/tv_producer_episode_credit/episode,1115
/comic_books/comic_book_publisher/comic_book_series_published,1116
/architecture/structure/address./location/mailing_address/state_province_region,1117
/tv/tv_series_episode/producers./tv/tv_producer_episode_credit/producer,1118
/internet/website/owner_new./internet/website_ownership/owner,1119
/tv/tv_series_episode/writer,1120
/common/topic/subject_of,1121
/user/robert/us_congress/congressional_district/state,1122
/comic_books/comic_book_series/publisher,1123
/fictional_universe/ethnicity_in_fiction/characters_of_this_ethnicity,1124
/business/board_member/organization_board_memberships./organization/organization_board_membership/role,1125
/common/topic/subjects,1126
/cvg/computer_videogame/prequel,1127
/language/human_language/dialects,1128
/base/fashionmodels/fashion_model/hair_color,1129
/base/thoroughbredracing/thoroughbred_racehorse/sex,1130
/baseball/baseball_player/current_team./sports/sports_team_roster/position,1131
/base/thoroughbredracing/thoroughbred_racehorse_sex/horses_of_this_sex,1132
/fictional_universe/fictional_character/based_on,1133
/base/wrestling/solo_wrestler_or_team/members,1134
/base/onephylogeny/type_of_thing/includes,1135
/education/academic/appointments_fellowships_etc./education/academic_post/institution,1136
/sports/pro_athlete/teams./baseball/baseball_roster_position/team,1137
/base/fight/sports_official/sport,1138
/user/robert/us_congress/us_representative/committee_memberships,1139
/religion/religion/places_of_worship,1140
/biology/animal_breed/registered_with./biology/breed_registration/breed_group,1141
/base/thoroughbredracing/thoroughbred_racehorse/color,1142
/broadcast/radio_station/owner,1143
/award/hall_of_fame_inductee/hall_of_fame_inductions./award/hall_of_fame_induction/category,1144
/medicine/disease/prevention_factors,1145
/award/hall_of_fame_induction_category/inductees./award/hall_of_fame_induction/inductee,1146
/baseball/baseball_player/current_team./baseball/baseball_roster_position/position,1147
/baseball/baseball_team/current_roster./baseball/baseball_roster_position/player,1148
/book/periodical_subject/periodicals,1149
/base/fight/sentence/convictions./base/crime/criminal_conviction/convicted_person,1150
/base/fashionmodels/hair_color/fashion_models_with_this_hair_color,1151
/base/petbreeds/dog_breed/group,1152
/sports/pro_athlete/teams./baseball/baseball_roster_position/position,1153
/people/appointee/position./people/appointment/appointed_role,1154
/martial_arts/martial_artist/martial_art,1155
/biology/organism_classification/organisms_of_this_type,1156
/sports/sports_team/roster./baseball/baseball_roster_position/player,1157
/theater/theater_genre/plays_in_this_genre,1158
/baseball/baseball_player/current_team./baseball/baseball_roster_position/team,1159
/broadcast/content/language,1160
/baseball/baseball_player/current_team./sports/sports_team_roster/team,1161
/base/crime/convicted_criminal/convictions./base/crime/criminal_conviction/sentence_type,1162
/travel/transport_terminus/travel_destinations_served./travel/transportation/transport_terminus,1163
/base/endorsements/endorsee/newspaper_endorsements./base/endorsements/newspaper_endorsement/newspaper,1164
/comic_books/comic_book_character/regular_featured_appearances,1165
/broadcast/broadcast/distributor,1166
/sports/sports_team/roster./ice_hockey/hockey_roster_position/player,1167
/martial_arts/martial_art/well_known_practitioner,1168
/military/military_post/used_by_armed_forces./military/military_post_use/armed_force,1169
/user/robert/us_congress/house_committee/current_members,1170
/user/robert/military/military_person/participated_in_conflicts,1171
/fictional_universe/person_in_fiction/representations_in_fiction,1172
/ice_hockey/hockey_player/current_team./sports/sports_team_roster/team,1173
/sports/pro_athlete/teams./ice_hockey/hockey_roster_position/team,1174
/transportation/bridge/bridge_type,1175
/aviation/aircraft_type/aircraft_of_this_type,1176
/biology/breed_group/breeds_in_this_group./biology/breed_registration/breed,1177
/award/recurring_competition/individual_competitions,1178
/award/competition/instance_of_recurring_competition,1179
/base/endorsements/endorsing_newspaper/endorsements./base/endorsements/newspaper_endorsement/endorsee,1180
/biology/organism/sex,1181
/broadcast/radio_station_owner/radio_stations,1182
/religion/place_of_worship/religion,1183
/sports/sport/related_equipment,1184
/fictional_universe/fictional_character/siblings./fictional_universe/sibling_relationship_of_fictional_characters/siblings,1185
/education/fraternity_sorority/founded_location,1186
/military/armed_force/military_posts./military/military_post_use/military_post,1187
/sports/sports_official/sport,1188
/theater/play/genre,1189
/transportation/bridge/locale,1190
/american_football/football_player/receiving./american_football/player_receiving_statistics/team,1191
/base/onephylogeny/type_of_thing/included_in,1192
/base/patronage/patron/related_client./base/patronage/patron_client_relationship/client,1193
/cvg/cvg_designer/games_designed,1194
/base/argumentmaps/innovator/original_ideas,1195
/broadcast/content/location,1196
/book/periodical/subjects,1197
/ice_hockey/hockey_player/current_team./ice_hockey/hockey_roster_position/team,1198
/education/academic_institution/visiting_scholars_fellows_etc./education/academic_post/person,1199
/broadcast/distributor/distributes,1200
/medicine/condition_prevention_factors/conditions_this_may_prevent,1201
/ice_hockey/hockey_team/current_roster./sports/sports_team_roster/player,1202
/sports/sport/officials,1203
/sports/sports_equipment/sport_used_for,1204
/exhibitions/exhibition_sponsor/exhibitions_sponsored./exhibitions/exhibition_run/venue,1205
/book/newspaper/headquarters./location/mailing_address/citytown,1206
/baseball/baseball_team/current_roster./sports/sports_team_roster/player,1207
/base/thoroughbredracing/thoroughbred_racehorse_color/horses_of_this_color,1208
/base/patronage/client/related_patron./base/patronage/patron_client_relationship/patron,1209
/travel/travel_destination/local_transportation,1210
/cvg/computer_videogame/designers,1211
/sports/sports_position/players./baseball/baseball_roster_position/player,1212
/people/appointee/position./people/appointment/appointed_by,1213
/cvg/game_voice_actor/computer_game_voice_performances./cvg/game_performance/game,1214
/base/argumentmaps/original_idea/innovator,1215
/people/appointer/appointment_made./people/appointment/appointee,1216
/aviation/aircraft_model/aircraft_type,1217
/ice_hockey/hockey_team/current_roster./ice_hockey/hockey_roster_position/player,1218
/architecture/structure/construction_cost./measurement_unit/money_value/currency,1219
/cvg/computer_videogame/characters./cvg/game_performance/voice_actor,1220
/base/wrestling/professional_wrestler/member_of_team,1221
/american_football/football_player/receiving./american_football/player_receiving_statistics/season,1222
/base/petbreeds/dog_breed_group/dog_breeds,1223
/exhibitions/exhibition_venue/exhibitions_at_this_venue./exhibitions/exhibition_run/sponsor,1224
/transportation/bridge_type/bridges_of_this_type,1225
/book/written_work/original_language,1226
/people/appointed_role/appointment./people/appointment/appointee,1227
/biology/organism/organism_type,1228
/comic_books/comic_book_series/featured_characters,1229
/metropolitan_transit/transit_service_type/transit_lines,1230
/base/thoroughbredracing/thoroughbred_racehorse_origin/horses_from_this_location,1231
/food/dish/ingredients,1232
/common/resource/annotations./common/webpage/category,1233
/ice_hockey/hockey_position/players,1234
/american_football/football_player/current_team./sports/sports_team_roster/team,1235
/sports/pro_athlete/teams./american_football/football_roster_position/position,1236
/architecture/structure/architect,1237
/cvg/computer_videogame/game_series,1238
/sports/sports_team/roster./american_football/football_roster_position/player,1239
/fictional_universe/fictional_setting/fictional_characters_born_here,1240
/games/game_genre/boardgames,1241
/base/rugby/rugby_player/type_of_rugby,1242
/computer/programming_language_designer/languages_designed,1243
/ice_hockey/hockey_player/current_team./sports/sports_team_roster/position,1244
/film/film_featured_song/performed_by,1245
/computer/computer/compatible_oses./computer/os_compatibility/operating_system,1246
/user/tsegaran/computer/algorithm/family,1247
/comic_books/comic_book_creator/series_created,1248
/geography/lake_type/lakes_of_this_type,1249
/education/school_district/schools,1250
/sports/sports_position/players./ice_hockey/hockey_roster_position/player,1251
/base/ecology/ecosystem/ecosystem_members,1252
/tv/tv_series_episode/guest_personal_appearances./tv/tv_guest_personal_appearance/person,1253
/music/concert_tour/artist,1254
/medicine/medical_treatment/side_effects,1255
/tv/tv_program_guest/appeared_on./tv/tv_guest_personal_appearance/episode,1256
/fictional_universe/fictional_character/children,1257
/base/collectives/collective/members./base/collectives/collective_membership/member,1258
/fictional_universe/fictional_character/place_of_birth,1259
/base/infrastructure/power_station/fuel_type,1260
/book/periodical_format/periodicals_in_this_format./book/periodical_format_period/periodical,1261
/american_football/football_coach_position/coaches_holding_this_position./american_football/football_historical_coach_position/coach,1262
/theater/play/lyricist,1263
/royalty/noble_title/noble_rank,1264
/theater/play/country_of_origin,1265
/base/endorsements/endorsing_newspaper/endorsements./base/endorsements/newspaper_endorsement/election,1266
/visual_art/visual_art_form/artworks,1267
/metropolitan_transit/transit_line/service_type,1268
/food/ingredient/dishes,1269
/fictional_universe/character_rank/characters_of_this_rank,1270
/book/author/series_written_or_contributed_to,1271
/sports/pro_athlete/teams./american_football/football_roster_position/team,1272
/base/schemastaging/fish/found_in,1273
/base/collectives/collective_member/member_of./base/collectives/collective_membership/collective,1274
/base/thoroughbredracing/thoroughbred_racehorse/country,1275
/sports/sports_facility/teams,1276
/american_football/football_team/current_roster./sports/sports_team_roster/player,1277
/spaceflight/space_agency/astronauts,1278
/geography/lake/lake_type,1279
/religion/religious_organization/leaders./religion/religious_organization_leadership/leader,1280
/medicine/drug/drug_class,1281
/protected_sites/iucn_category/protected_areas,1282
/user/tsegaran/computer/algorithm_family/algorithm,1283
/visual_art/visual_art_genre/artworks,1284
/religion/religious_leader/religious_leadership./religion/religious_organization_leadership/organization,1285
/metropolitan_transit/transit_system/area_served,1286
/education/school_district/locations_served,1287
/american_football/football_coach/coaching_history./american_football/football_historical_coach_position/team,1288
/government/election/office,1289
/computer/programming_language/dialects,1290
/protected_sites/protected_site/iucn_category,1291
/fictional_universe/fictional_character/rank,1292
/royalty/noble_title/used_in./royalty/system_title_relationship/system,1293
/education/school/school_district,1294
/base/usnationalparks/us_national_park/state,1295
/sports/pro_athlete/teams./ice_hockey/hockey_roster_position/position,1296
/protected_sites/governing_body_of_protected_sites/protected_sites_governed,1297
/base/folklore/mythical_creature/mythology,1298
/base/ecology/food_web_member/belongs_to_ecosystem_s,1299
/base/petbreeds/dog_breed/color,1300
/music/conducted_ensemble/conductors./music/conducting_tenure/conductor,1301
/music/conductor/groups./music/conducting_tenure/ensemble,1302
/transportation/road/end1./transportation/road_starting_point/location,1303
/cvg/game_series/games_in_series,1304
/aviation/aircraft_manufacturer/aircraft_models_made,1305
/ice_hockey/hockey_player/current_team./ice_hockey/hockey_roster_position/position,1306
/ice_hockey/hockey_player/hockey_position,1307
/american_football/football_player/current_team./american_football/football_roster_position/position,1308
/architecture/architectural_structure_owner/structures_owned./architecture/ownership/structure,1309
/book/periodical_publisher/periodicals_published./book/periodical_publisher_period/periodical,1310
/book/newspaper_owner/newspapers_owned,1311
/american_football/football_player/current_team./american_football/football_roster_position/team,1312
/american_football/football_team/current_roster./american_football/football_roster_position/player,1313
/comic_books/comic_book_series/created_by,1314
/visual_art/artwork/art_form,1315
/theater/theatrical_lyricist/play_lyrics_written,1316
/visual_art/artwork/art_genre,1317
/architecture/architect/structures_designed,1318
/base/folklore/mythology/mythical_creatures,1319
/base/petbreeds/dog_coat_color/dog_breeds,1320
/base/infrastructure/power_plant_type/power_station,1321
/common/webpage/topic,1322
/book/periodical/publisher./book/periodical_publisher_period/publisher,1323
/base/disaster2/tactic/attacks_of_this_form./base/disaster2/attack_process/attack_event,1324
/book/newspaper/headquarters./location/mailing_address/state_province_region,1325
/law/court/judges./law/judicial_tenure/judge,1326
/architecture/structure/owner./architecture/ownership/owner,1327
/book/literary_series/author_s,1328
/music/album_release_type/albums,1329
/american_football/football_team/historical_coaching_staff./american_football/football_historical_coach_position/coach,1330
/sports/sports_team/arena_stadium,1331
/fictional_universe/fictional_character/parents,1332
/aviation/airliner_accident/flight_destination,1333
/law/judge/courts./law/judicial_tenure/court,1334
/computer/programming_language/parent_language,1335
/royalty/system_of_nobility/titles./royalty/system_title_relationship/title,1336
/cvg/game_voice_actor/computer_game_voice_performances./cvg/game_performance/character,1337
/medicine/symptom/side_effect_of,1338
/computer/programming_language/language_designers,1339
/cvg/game_character/games./cvg/game_performance/voice_actor,1340
/american_football/football_coach/coaching_history./american_football/football_historical_coach_position/position,1341
/book/newspaper/owner,1342
/medicine/drug_class/drugs,1343
/sports/multi_event_tournament/sports,1344
